Team name,Player name,Number,Position,URL,Mugshot
CONVERGE FIBERXERS,JEO AMBOHOT,#18,PF,https://www.pba.ph/players/jeo-ambohot,https://statsspace01.sgp1.digitaloceanspaces.com/basketball_organizer/images/yhxy48zxx0jaglkd1q7kw4b68ypl
CONVERGE FIBERXERS,JUSTIN ARANA,#15,C,https://www.pba.ph/players/justin-arana,https://statsspace01.sgp1.digitaloceanspaces.com/basketball_organizer/images/bwih8vfpxyaec3x2g6cth3k752r2
CONVERGE FIBERXERS,INAND FORNILOS,#0,PG,https://www.pba.ph/players/inand-fornilos,https://statsspace01.sgp1.digitaloceanspaces.com/basketball_organizer/images/pyhsk8e7ib7d3q3ximjtrfq8rgo9
CONVERGE FIBERXERS,JORDAN TIMOTHY HEADING,#0,PG,https://www.pba.ph/players/jordan-timothy-heading,https://statsspace01.sgp1.digitaloceanspaces.com/basketball_organizer/images/y5iavco2vrg6zhcnoss7bbzg51i9
CONVERGE FIBERXERS,MICHAEL JOSEPH NIETO,#7,PG,https://www.pba.ph/players/michael-joseph-nieto,https://statsspace01.sgp1.digitaloceanspaces.com/basketball_organizer/images/bywe0a4q2wcohvmt6riur38z7ox9
CONVERGE FIBERXERS,BRYAN SANTOS,#26,PG,https://www.pba.ph/players/bryan-santos,https://statsspace01.sgp1.digitaloceanspaces.com/basketball_organizer/images/j3u8ej2xf9d35jpflpdglur52blt
CONVERGE FIBERXERS,ALEC JUNE STOCKTON,#12,PG,https://www.pba.ph/players/alec-june-stockton,https://statsspace01.sgp1.digitaloceanspaces.com/basketball_organizer/images/igch3s6rsnl8brqryysra9k9xpbd
CONVERGE FIBERXERS,KAMRON VIGAN-FLEMING,#1,PG,https://www.pba.ph/players/kamron-vigan-fleming,https://statsspace01.sgp1.digitaloceanspaces.com/basketball_organizer/images/np2wm96kz3qgay54562rcd5jq9ma
CONVERGE FIBERXERS,DESCHON WINSTON,#8,PG,https://www.pba.ph/players/deschon-winston,https://statsspace01.sgp1.digitaloceanspaces.com/basketball_organizer/images/wf538l3i4ktt25cvv9qdamt1jvlq
BARANGAY GINEBRA SAN MIGUEL,RHON JAY ABARRIENTOS,#4,PG,https://www.pba.ph/players/rhon-jay-abarrientos,https://statsspace01.sgp1.digitaloceanspaces.com/basketball_organizer/images/o9gntpczilzxe7ct730du45yvw6o
BARANGAY GINEBRA SAN MIGUEL,BENEDICT ADAMOS,#88,PF,https://www.pba.ph/players/benedict-adamos,https://statsspace01.sgp1.digitaloceanspaces.com/basketball_organizer/images/0z6ge144de5ib7ebh2y1cgv4c6mu
BARANGAY GINEBRA SAN MIGUEL,MAVERICK AHANMISI,#0,PG,https://www.pba.ph/players/maverick-ahanmisi,https://statsspace01.sgp1.digitaloceanspaces.com/basketball_organizer/images/uok72u097bhnt3pwonddixx7jbu3
BARANGAY GINEBRA SAN MIGUEL,LOUIS RAPHAEL CU,#18,SF,https://www.pba.ph/players/louis-raphael-cu,https://statsspace01.sgp1.digitaloceanspaces.com/basketball_organizer/images/gy15vinh9af4xlhjs1wjfxgk6n69
BARANGAY GINEBRA SAN MIGUEL,GEORGE ISAAC GO,#11,C,https://www.pba.ph/players/george-isaac-go,https://statsspace01.sgp1.digitaloceanspaces.com/basketball_organizer/images/ykg9xe23whr7c27cbqnzhbwedw20
BARANGAY GINEBRA SAN MIGUEL,STEPHEN JEFFREY HOLT,#14,SG,https://www.pba.ph/players/stephen-jeffrey-holt,https://statsspace01.sgp1.digitaloceanspaces.com/basketball_organizer/images/utlk2p063tf1yitdbonkc20850ca
BARANGAY GINEBRA SAN MIGUEL,LEWIS ALFRED TENORIO,#5,PG,https://www.pba.ph/players/lewis-alfred-tenorio,https://statsspace01.sgp1.digitaloceanspaces.com/basketball_organizer/images/l1insf6x2u1df1j25yk94ieymmyt
BLACKWATER BOSSING,SEDRICK BAREFIELD,#2,PG,https://www.pba.ph/players/sedrick-barefield,https://statsspace01.sgp1.digitaloceanspaces.com/basketball_organizer/images/z3ctnuh0sad4vulpiewfdfv51uxm
BLACKWATER BOSSING,MIGUEL IVES CORTEZA,#12,PF,https://www.pba.ph/players/miguel-ives-corteza,https://statsspace01.sgp1.digitaloceanspaces.com/basketball_organizer/images/3qnbkd34770rigjiohp9cq276r8t
BLACKWATER BOSSING,CHRISTIAN DAVID,#25,PF,https://www.pba.ph/players/christian-david,https://statsspace01.sgp1.digitaloceanspaces.com/basketball_organizer/images/z7wpxool2sb5azi6aicas0zmncle
BLACKWATER BOSSING,RICHARD ESCOTO,#23,SF,https://www.pba.ph/players/richard-escoto,https://statsspace01.sgp1.digitaloceanspaces.com/basketball_organizer/images/rluqvvqqhva9n8i9cevrkpxb334z
BLACKWATER BOSSING,TYRUS HILL,#33,SF,https://www.pba.ph/players/tyrus-hill,https://statsspace01.sgp1.digitaloceanspaces.com/basketball_organizer/images/ckydi9uu7ruar55n66wstbrlajar
BLACKWATER BOSSING,REGILE KENT ILAGAN,#0,PG,https://www.pba.ph/players/regile-kent-ilagan,https://statsspace01.sgp1.digitaloceanspaces.com/basketball_organizer/images/wb58eluhp4wu2yhiajro9wux2490
BLACKWATER BOSSING,JAMES KWEKUTEYE,#7,PG,https://www.pba.ph/players/james-kwekuteye,https://statsspace01.sgp1.digitaloceanspaces.com/basketball_organizer/images/4nljwjhbrdjgttb8dcuui3dk3bj3
BLACKWATER BOSSING,DEROHN DOMINIC MITCHELL,#7,PG,https://www.pba.ph/players/derohn-dominic-mitchell,https://statsspace01.sgp1.digitaloceanspaces.com/basketball_organizer/images/2y6imyovj6m22q5g6ia84ssf4rlm
BLACKWATER BOSSING,KIRELL BRAHNDON MONTALBO,#7,PG,https://www.pba.ph/players/kirell-brahndon-montalbo,https://statsspace01.sgp1.digitaloceanspaces.com/basketball_organizer/images/tr5ejruognomcdoq7zrdii1xbecb
BLACKWATER BOSSING,REY SUERTE,#4,PG,https://www.pba.ph/players/rey-suerte,https://statsspace01.sgp1.digitaloceanspaces.com/basketball_organizer/images/ki6uz13lxduz5o0f1i6dcfx6rp54
BLACKWATER BOSSING,FREDERICK TUNGCAB,#5,SF,https://www.pba.ph/players/frederick-tungcab,https://statsspace01.sgp1.digitaloceanspaces.com/basketball_organizer/images/lxpp9aljga5bhyi4roh8rnko44g8
NORTHPORT BATANG PIER,ALLYN BULANADI,#5,SG,https://www.pba.ph/players/allyn-bulanadi,https://statsspace01.sgp1.digitaloceanspaces.com/basketball_organizer/images/69qubd3x59tm1fmkk1r5ihdkb9ir
NORTHPORT BATANG PIER,DAMIE CUNTAPAY,#37,C,https://www.pba.ph/players/damie-cuntapay,https://statsspace01.sgp1.digitaloceanspaces.com/basketball_organizer/images/bs8npre7ckpnpx9155gam4puecwh
NORTHPORT BATANG PIER,CADE FLORES,#22,PF,https://www.pba.ph/players/cade-flores,https://statsspace01.sgp1.digitaloceanspaces.com/basketball_organizer/images/dni1fhlwue4msih9czcugi5jqm22
NORTHPORT BATANG PIER,WILLIAM RANIEL NAVARRO,#,,https://www.pba.ph/players/william-raniel-navarro,https://statsspace01.sgp1.digitaloceanspaces.com/basketball_organizer/images/imcbm01ej51ozp73y13tlpq26icb
NORTHPORT BATANG PIER,EVAN HEINRICH NIKOLAI NELLE,#,,https://www.pba.ph/players/evan-heinrich-nikolai-nelle,https://statsspace01.sgp1.digitaloceanspaces.com/basketball_organizer/images/qoappmdqfezelcgryrq23phtzu2c
NORTHPORT BATANG PIER,SIDNEY ONWUBERE,#7,PF,https://www.pba.ph/players/sidney-onwubere,https://statsspace01.sgp1.digitaloceanspaces.com/basketball_organizer/images/6yvr76s40wr13bcvta7ayzvz0j15
NORTHPORT BATANG PIER,ARVIN DAVE TOLENTINO,#10,SF,https://www.pba.ph/players/arvin-dave-tolentino,https://statsspace01.sgp1.digitaloceanspaces.com/basketball_organizer/images/zq52mzlxctjc7jmo7bnonu10ofoo
NORTHPORT BATANG PIER,ABU JAHAL TRATTER,#9,PF,https://www.pba.ph/players/abu-jahal-tratter,https://statsspace01.sgp1.digitaloceanspaces.com/basketball_organizer/images/byvo0zz2vhlogauslvd8u1zhqmqz
NORTHPORT BATANG PIER,FRAN LOUIE YU,#3,PG,https://www.pba.ph/players/fran-louie-yu,https://statsspace01.sgp1.digitaloceanspaces.com/basketball_organizer/images/j4h08zlve7qdujjw0rkg7glb5mvc
TERRAFIRMA DYIP,AHMAD DIDAT HANAPI,#28,SF,https://www.pba.ph/players/ahmad-didat-hanapi,https://statsspace01.sgp1.digitaloceanspaces.com/basketball_organizer/images/hdbcyf36wu0747nb9r27z8p60ek8
TERRAFIRMA DYIP,PAOLO JOSE HERNANDEZ,#19,PG,https://www.pba.ph/players/paolo-jose-hernandez,https://statsspace01.sgp1.digitaloceanspaces.com/basketball_organizer/images/o796z2icbo2cfpca13bpydqopl2l
TERRAFIRMA DYIP,ALJUN MELECIO,#11,PG,https://www.pba.ph/players/aljun-melecio,https://statsspace01.sgp1.digitaloceanspaces.com/basketball_organizer/images/y61n5dwu1llxjk9mcux50ag9wd53
TERRAFIRMA DYIP,TOMMY YORK OLIVARIO,#8,PG,https://www.pba.ph/players/tommy-york-olivario,https://statsspace01.sgp1.digitaloceanspaces.com/basketball_organizer/images/pn2kthbjgx8k2d1a86no2seqv3mo
TERRAFIRMA DYIP,BRENT PARAISO,#38,PG,https://www.pba.ph/players/brent-paraiso,https://statsspace01.sgp1.digitaloceanspaces.com/basketball_organizer/images/b4g541pxswbn0x853bw67o8x1yfy
TERRAFIRMA DYIP,MARK LOUIE SANGALANG,#6,PF,https://www.pba.ph/players/mark-louie-sangalang,https://statsspace01.sgp1.digitaloceanspaces.com/basketball_organizer/images/j2z0dvvutej8yp0dqd0od4i2zb5c
MERALCO BOLTS,BRANDON MATTHEW BATES,,,https://www.pba.ph/players/brandon-matthew-bates,https://statsspace01.sgp1.digitaloceanspaces.com/basketball_organizer/images/5r197arpnbq4sas4x483c8mgg42p
MERALCO BOLTS,NORMAN AARON BLACK,#1,PG,https://www.pba.ph/players/norman-aaron-black,https://statsspace01.sgp1.digitaloceanspaces.com/basketball_organizer/images/xnjhqp323xygawra23ybrrc8r1wh
MERALCO BOLTS,CRISPIN JOHN CANSINO,#71,SG,https://www.pba.ph/players/crispin-john-cansino,https://statsspace01.sgp1.digitaloceanspaces.com/basketball_organizer/images/4jmlozox9qga57x0ayqr8fc0mrme
MERALCO BOLTS,RAYMAR JOSE,#24,PG,https://www.pba.ph/players/raymar-jose,https://statsspace01.sgp1.digitaloceanspaces.com/basketball_organizer/images/mctr4dy5p1c5txumcu6m3hh43wrp
MERALCO BOLTS,JOSE LORENZO MENDOZA,#10,PG,https://www.pba.ph/players/jose-lorenzo-mendoza,https://statsspace01.sgp1.digitaloceanspaces.com/basketball_organizer/images/xgfx58m2lo4atn0bbo6u47qcwlxw
MERALCO BOLTS,ALVIN PASAOL,#23,PG,https://www.pba.ph/players/alvin-pasaol,https://statsspace01.sgp1.digitaloceanspaces.com/basketball_organizer/images/7tmwkcpnsurv64jabifkdhst0any
MERALCO BOLTS,KYLE NICHOLAS PASCUAL,#32,PG,https://www.pba.ph/players/kyle-nicholas-pascual,https://statsspace01.sgp1.digitaloceanspaces.com/basketball_organizer/images/113lvqm1q5uvbbduoihcc8taktjk
MERALCO BOLTS,KIER JOHN QUINTO,#19,SF,https://www.pba.ph/players/kier-john-quinto,https://statsspace01.sgp1.digitaloceanspaces.com/basketball_organizer/images/alhtywmk9pz3xrzfwxsf1zbb53de
MERALCO BOLTS,JANSEN RIOS,#27,PG,https://www.pba.ph/players/jansen-rios,https://statsspace01.sgp1.digitaloceanspaces.com/basketball_organizer/images/rqgw93lwttfh0gp1o89l6c4osedk
NLEX ROAD WARRIORS,BASER AMER,#14,PG,https://www.pba.ph/players/baser-amer,https://statsspace01.sgp1.digitaloceanspaces.com/basketball_organizer/images/0flwk3ula3minu0ra5oiv46ep2un
NLEX ROAD WARRIORS,DOMINIC FAJARDO,#9,PF,https://www.pba.ph/players/dominic-fajardo,https://statsspace01.sgp1.digitaloceanspaces.com/basketball_organizer/images/xgzm8xtyagl0m516y5xb4agqmfpa
NLEX ROAD WARRIORS,ROBERT CONRAD HERNDON,#,,https://www.pba.ph/players/robert-conrad-herndon,https://statsspace01.sgp1.digitaloceanspaces.com/basketball_organizer/images/skm4q19w3tuof8czd7k5r0t55g9i
NLEX ROAD WARRIORS,JHAN MCHALE NERMAL,#29,SF,https://www.pba.ph/players/jhan-mchale-nermal,https://statsspace01.sgp1.digitaloceanspaces.com/basketball_organizer/images/mezfmda1mt1kc135ds506ugdpn3i
NLEX ROAD WARRIORS,JONNEL POLICARPIO,#23,SF,https://www.pba.ph/players/jonnel-policarpio,https://statsspace01.sgp1.digitaloceanspaces.com/basketball_organizer/images/8lpujyimtof6qnqzo6ezs0m7boey
NLEX ROAD WARRIORS,RICHIE RODGER,#1,SG,https://www.pba.ph/players/richie-rodger,https://statsspace01.sgp1.digitaloceanspaces.com/basketball_organizer/images/unpp8vlg4jg2ke0sw8n6jp5nwo5d
NLEX ROAD WARRIORS,ANTHONY PAUL SEMERAD,#33,SF,https://www.pba.ph/players/anthony-paul-semerad,https://statsspace01.sgp1.digitaloceanspaces.com/basketball_organizer/images/i0wvsh7b8ltp3v0v40ida49bjcqs
NLEX ROAD WARRIORS,ENOCH VALDEZ,#24,SG,https://www.pba.ph/players/enoch-valdez,https://statsspace01.sgp1.digitaloceanspaces.com/basketball_organizer/images/vb34kqh4a536svlvof6dtfsu2y9j
RAIN OR SHINE ELASTO PAINTERS,ANTON RAFAEL ASISTIO,#8,PG,https://www.pba.ph/players/anton-rafael-asistio,https://statsspace01.sgp1.digitaloceanspaces.com/basketball_organizer/images/b11tgxxlc2kzddp0co8mnr7n5a2m
RAIN OR SHINE ELASTO PAINTERS,JHONARD CLARITO,#22,SF,https://www.pba.ph/players/jhonard-clarito,https://statsspace01.sgp1.digitaloceanspaces.com/basketball_organizer/images/p5ojw2sueo3pll6oa1qwvlo1fkrv
RAIN OR SHINE ELASTO PAINTERS,KEITH DATU,#21,PF,https://www.pba.ph/players/keith-datu,https://statsspace01.sgp1.digitaloceanspaces.com/basketball_organizer/images/bnozwn14z47i8qiq5cjym7n4qp1t
RAIN OR SHINE ELASTO PAINTERS,FRANCIS GABRIEL ESCANDOR,#21,PF,https://www.pba.ph/players/francis-gabriel-escandor,https://statsspace01.sgp1.digitaloceanspaces.com/basketball_organizer/images/qdbl30v56w0dke9wwdpac12eiaay
RAIN OR SHINE ELASTO PAINTERS,SHAUN ILDEFONSO,#10,SG,https://www.pba.ph/players/shaun-ildefonso,https://statsspace01.sgp1.digitaloceanspaces.com/basketball_organizer/images/r79558f6u98hkydflkgevh9ugrwn
RAIN OR SHINE ELASTO PAINTERS,ADRIAN CLARENCE NOCUM,#,,https://www.pba.ph/players/adrian-clarence-nocum,https://statsspace01.sgp1.digitaloceanspaces.com/basketball_organizer/images/nqtdvdhk73oqzc2ujj7iusu4f8mw
RAIN OR SHINE ELASTO PAINTERS,LEONARD SANTILLAN,#25,PF,https://www.pba.ph/players/leonard-santillan,https://statsspace01.sgp1.digitaloceanspaces.com/basketball_organizer/images/ldgyr5r24cqw8f1wed8c5wsdg1yo
RAIN OR SHINE ELASTO PAINTERS,CAELAN TODD TIONGSON,#0,PF,https://www.pba.ph/players/caelan-todd-tiongson,https://statsspace01.sgp1.digitaloceanspaces.com/basketball_organizer/images/rl0id73ncbwpa2pjbkmosg6bdwmo
SAN MIGUEL BEERMEN,JOHN RODNEY BRONDIAL,#91,C,https://www.pba.ph/players/john-rodney-brondial,https://statsspace01.sgp1.digitaloceanspaces.com/basketball_organizer/images/y29lamnrr8en7p93xmpwvm8j1kcl
SAN MIGUEL BEERMEN,PHILIP ANDREAS CAHILIG,#10,SF,https://www.pba.ph/players/philip-andreas-cahilig,https://statsspace01.sgp1.digitaloceanspaces.com/basketball_organizer/images/b108rerqmtpm0bqaplfzmc5fwsdx
SAN MIGUEL BEERMEN,JUNE MAR FAJARDO,#15,C,https://www.pba.ph/players/june-mar-fajardo,https://statsspace01.sgp1.digitaloceanspaces.com/basketball_organizer/images/kd01c4niln8vmmb0atqbft2zv4zj
SAN MIGUEL BEERMEN,JAYMAR PEREZ,#77,PG,https://www.pba.ph/players/jaymar-perez,https://statsspace01.sgp1.digitaloceanspaces.com/basketball_organizer/images/rp2jieru6hmlu9ouyy8xtmwytmuj
SAN MIGUEL BEERMEN,MOALA TAUTUAA,#3,C,https://www.pba.ph/players/moala-tautuaa,https://statsspace01.sgp1.digitaloceanspaces.com/basketball_organizer/images/m4xsf4g1rhu2or8xj8zrf2ufor8a
SAN MIGUEL BEERMEN,CELEDONIO TROLLANO,#2,SF,https://www.pba.ph/players/celedonio-trollano,https://statsspace01.sgp1.digitaloceanspaces.com/basketball_organizer/images/s3p4a81aalqln1s4z1ze9i72wnw5
TNT TROPANG GIGA,KIM CYRIL AURIN,#35,PG,https://www.pba.ph/players/kim-cyril-aurin,https://statsspace01.sgp1.digitaloceanspaces.com/basketball_organizer/images/999ddtngmf95xf7b5ju7kughm1n7
TNT TROPANG GIGA,KEVIN BARKLEY EBONA,#0,PF,https://www.pba.ph/players/kevin-barkley-ebona,https://statsspace01.sgp1.digitaloceanspaces.com/basketball_organizer/images/9219rwziq81llcqeyd4qovwc0k7a
TNT TROPANG GIGA,GLENN KHOBUNTIN,#12,SF,https://www.pba.ph/players/glenn-khobuntin,https://statsspace01.sgp1.digitaloceanspaces.com/basketball_organizer/images/zd9w2zu36erpgoqcorxa9c5538du
TNT TROPANG GIGA,REY BENEDICT NAMBATAC,#6,SG,https://www.pba.ph/players/rey-benedict-nambatac,https://statsspace01.sgp1.digitaloceanspaces.com/basketball_organizer/images/04j26t632yswjto28rnh6tt5acza
TNT TROPANG GIGA,CALVIN JOHN OFTANA,#8,SF,https://www.pba.ph/players/calvin-john-oftana,https://statsspace01.sgp1.digitaloceanspaces.com/basketball_organizer/images/9pyes80hr5tyqprvjq46wacc5cvg
TNT TROPANG GIGA,CALVIN PAYAWAL,#50,SF,https://www.pba.ph/players/calvin-payawal,https://statsspace01.sgp1.digitaloceanspaces.com/basketball_organizer/images/7emj0axovrgtqih94k942nvmyryo
TNT TROPANG GIGA,PAUL VARILLA,#9,PG,https://www.pba.ph/players/paul-varilla,https://statsspace01.sgp1.digitaloceanspaces.com/basketball_organizer/images/v6o7c2ho0di217nr0koq437o6evl
MAGNOLIA CHICKEN TIMPLADOS,CALVIN ABUEVA,#13,SF,https://www.pba.ph/players/calvin-abueva,https://statsspace01.sgp1.digitaloceanspaces.com/basketball_organizer/images/faqn0idf48qh22sohgjmy8ludrbc
MAGNOLIA CHICKEN TIMPLADOS,ARISTOTLE DIONISIO,#57,SF,https://www.pba.ph/players/aristotle-dionisio,https://statsspace01.sgp1.digitaloceanspaces.com/basketball_organizer/images/cx8mezhhecl8kluyne0vf2vd8u46
MAGNOLIA CHICKEN TIMPLADOS,RUSSEL ESCOTO,#88,C,https://www.pba.ph/players/russel-escoto,https://statsspace01.sgp1.digitaloceanspaces.com/basketball_organizer/images/7bntijn0g1suems0denv51i20jtv
MAGNOLIA CHICKEN TIMPLADOS,JAMES LAPUT,#42,PG,https://www.pba.ph/players/james-laput,https://statsspace01.sgp1.digitaloceanspaces.com/basketball_organizer/images/7ntuhy4g6s73wbx3cebjces64kyq
MAGNOLIA CHICKEN TIMPLADOS,JEROM LASTIMOSA,#100,PG,https://www.pba.ph/players/jerom-lastimosa,https://statsspace01.sgp1.digitaloceanspaces.com/basketball_organizer/images/ham9n79fx0rdvlwsgtwdf3yqdbmn
MAGNOLIA CHICKEN TIMPLADOS,ZAVIER LUCERO,#22,PG,https://www.pba.ph/players/zavier-lucero,https://statsspace01.sgp1.digitaloceanspaces.com/basketball_organizer/images/cuft5jr7dlzj4fhrw76ozfb4d812
MAGNOLIA CHICKEN TIMPLADOS,JONATHAN JED MENDOZA,#65,PG,https://www.pba.ph/players/jonathan-jed-mendoza,https://statsspace01.sgp1.digitaloceanspaces.com/basketball_organizer/images/501g0ihmgdkh1reftqj0g1eo0pv6
MAGNOLIA CHICKEN TIMPLADOS,RICARDO RATLIFFE,#20,C,https://www.pba.ph/players/ricardo-ratliffe,https://statsspace01.sgp1.digitaloceanspaces.com/basketball_organizer/images/7ycsnv23w3m5waytok21fshwj4co
PHOENIX FUEL MASTERS,JAYJAY ALEJANDRO,#9,SG,https://www.pba.ph/players/jayjay-alejandro,https://statsspace01.sgp1.digitaloceanspaces.com/basketball_organizer/images/gp4wrd76xj300dz66kpwj82avwdu
PHOENIX FUEL MASTERS,KAINOA BRYSON BALLUNGAY,#9,SG,https://www.pba.ph/players/kainoa-bryson-ballungay,https://statsspace01.sgp1.digitaloceanspaces.com/basketball_organizer/images/h6y776i1higmkpm3cjp26nujmuix
PHOENIX FUEL MASTERS,SIMON DAVID CAMACHO,#24,SF,https://www.pba.ph/players/simon-david-camacho,https://statsspace01.sgp1.digitaloceanspaces.com/basketball_organizer/images/xgojxufsf2ziz7x47wcs7633jyvs
PHOENIX FUEL MASTERS,MATTHEW DAVES,#12,SF,https://www.pba.ph/players/matthew-daves,https://statsspace01.sgp1.digitaloceanspaces.com/basketball_organizer/images/p0r5km68nt2dqv6h5g4ww381a9bq
PHOENIX FUEL MASTERS,SEAN PAUL MANGANTI,#2,SF,https://www.pba.ph/players/sean-paul-manganti,https://statsspace01.sgp1.digitaloceanspaces.com/basketball_organizer/images/i9oulkpx8a13de10glb0iujnm0ut
NLEX ROAD WARRIORS,JAVEE MOCON,#26,SG,https://www.pba.ph/players/javee-mocon,https://statsspace01.sgp1.digitaloceanspaces.com/basketball_organizer/images/0rmrg00p9joglv5qcjo3cdkgl52u
PHOENIX FUEL MASTERS,LARRY MUYANG,#1,PG,https://www.pba.ph/players/larry-muyang,https://statsspace01.sgp1.digitaloceanspaces.com/basketball_organizer/images/kemknp59vx9sl2r32ti7hbzebsjl
PHOENIX FUEL MASTERS,JASON PERKINS,#3,PF,https://www.pba.ph/players/jason-perkins,https://statsspace01.sgp1.digitaloceanspaces.com/basketball_organizer/images/x03ew45qghqp1krd795fm3t3dzwq
PHOENIX FUEL MASTERS,RICCI PAOLO RIVERO,#25,SG,https://www.pba.ph/players/ricci-paolo-rivero,https://statsspace01.sgp1.digitaloceanspaces.com/basketball_organizer/images/vj49d6p4oorv6o9zkmr6qkuzzyjc
PHOENIX FUEL MASTERS,RAUL SOYUD,#4,C,https://www.pba.ph/players/raul-soyud,https://statsspace01.sgp1.digitaloceanspaces.com/basketball_organizer/images/cdxetux4mj2kxuqd0klyv6ejsqh2
PHOENIX FUEL MASTERS,KENNETH JAMES TUFFIN,#20,PF,https://www.pba.ph/players/kenneth-james-tuffin,https://statsspace01.sgp1.digitaloceanspaces.com/basketball_organizer/images/etauzhwsl7klu2h3rxdrpm03m128
PHOENIX FUEL MASTERS,RENATO ULAR,#5,PF,https://www.pba.ph/players/renato-ular,https://statsspace01.sgp1.digitaloceanspaces.com/basketball_organizer/images/1bhpadhtxutp42n2dcyw5kyg5g82
PHOENIX FUEL MASTERS,RAFAEL LORENZO VERANO,#5,PF,https://www.pba.ph/players/rafael-lorenzo-verano,https://statsspace01.sgp1.digitaloceanspaces.com/basketball_organizer/images/yy4n9hvqaafdom44w7b0gj4p8duz
EASTERN,HAYDEN JOEL BLANKLEY,#0,PF,https://www.pba.ph/players/hayden-joel-blankley,https://statsspace01.sgp1.digitaloceanspaces.com/basketball_organizer/images/yzmpzpzdcwg1r2wskoipddt2u31l
EASTERN,CAMERON CLARK,#21,,https://www.pba.ph/players/cameron-clark,https://statsspace01.sgp1.digitaloceanspaces.com/basketball_organizer/images/oy3uy8dw978xya7y0snx0wupiqsb
EASTERN,KOBEY KETAVONG LAM,#22,SG,https://www.pba.ph/players/kobey-ketavong-lam,https://statsspace01.sgp1.digitaloceanspaces.com/basketball_organizer/images/1sfk5geqihtmme5hlow3ks61w61o
EASTERN,GLEN ROBERTSON YANG,#11,SG,https://www.pba.ph/players/glen-robertson-yang,https://statsspace01.sgp1.digitaloceanspaces.com/basketball_organizer/images/f12bxs5pa0k0vt0t28l6jldy8rvu
